date,theme,easy_category,easy_term1,easy_term2,easy_term3,easy_term4,easy_explanation,medium_category,medium_term1,medium_term2,medium_term3,medium_term4,medium_explanation,hard_category,hard_term1,hard_term2,hard_term3,hard_term4,hard_explanation,tricky_category,tricky_term1,tricky_term2,tricky_term3,tricky_term4,tricky_explanation
2026-09-01,Cardiology,Types of Shock,Hypovolemic,Cardiogenic,Distributive,Obstructive,The four physiologic shock categories.,Heart Valves,Mitral,Tricuspid,Aortic,Pulmonary,The four cardiac valves.,ACS Presentations,STEMI,NSTEMI,Unstable Angina,Prinzmetal,Acute coronary syndromes and variant angina.,___ Heart,Athletic,Broken,Soldier's,Boot-Shaped,Descriptive cardiac nicknames and metaphors.
2026-09-02,Immunization,Live Attenuated Vaccines,MMR,Varicella,Yellow Fever,Rotavirus,Live vaccines generally avoided in pregnancy/severe immunocompromise.,Inactivated / Subunit Vaccines,Hepatitis A,Hepatitis B,IPV,Tdap,Non-live vaccine preparations.,Vaccine-Preventable Diseases,Polio,Measles,Tetanus,Pertussis,Diseases targeted by routine immunization.,___ Vaccine Schedule Word,Booster,Priming,Catch-Up,Cocooning,Terms used in immunization strategy discussions.
2026-09-03,Labor and Delivery,Stages of Labor,Latent,Active,Transition,Second Stage,Phases of labor progress (second stage = pushing).,Fetal Heart Tracing Categories,Category I,Category II,Category III,Sinusoidal,NICHD tracing classifications and a sinister pattern.,Labor Induction / Augmentation Agents,Oxytocin,Misoprostol,Dinoprostone,Foley Balloon,Pharmacologic and mechanical ripening/induction methods.,Apgar Components,Appearance,Pulse,Grimace,Activity,Four of five Apgar score elements.
2026-09-04,Orthopedics,Rotator Cuff Muscles,Supraspinatus,Infraspinatus,Teres Minor,Subscapularis,The SITS muscles.,Carpal Bones (Distal Row),Trapezium,Trapezoid,Capitate,Hamate,Distal carpal row.,Eponymous Fractures,Colles,Smith,Jones,Bennett,Named fracture patterns.,___ Fracture (Descriptive),Boxer's,Nightstick,March,Greenstick,Fractures named by mechanism or appearance.
2026-09-05,Oncology,Tumor Suppressor Genes,TP53,RB1,BRCA1,APC,Classic tumor suppressors.,Oncogenic Viruses,HPV,EBV,HBV,HTLV-1,Viruses linked to human cancers.,Staging / Severity Systems,TNM,Ann Arbor,Breslow,Gleason,Cancer staging or grading tools.,___ Cell Tumor Theme,Reed-Sternberg,Signet Ring,Owl Eye,Orphan Annie,Classic pathologic cell descriptors in oncology.
2026-09-06,Neurology,Generalized Seizure Types,Absence,Tonic-Clonic,Myoclonic,Atonic,Generalized seizure semiologies.,Pathologic Gaits,Antalgic,Trendelenburg,Steppage,Parkinsonian,Abnormal gait patterns.,Named Reflexes,Babinski,Moro,Hoffman,Clonus,Neurologic reflex findings.,___ Spot,Koplik,Roth,Brushfield,Cafe-au-Lait,"Named spots with neurologic/systemic associations (measles, endocarditis emboli, Down syndrome, NF)."
2026-09-07,Endocrinology,Anterior Pituitary Hormones,ACTH,TSH,GH,Prolactin,Adenohypophysis hormones.,Causes of Hypoglycemia,Insulin Excess,Sulfonylurea,Ethanol,Addison Disease,Classic hypoglycemia precipitants.,Eponymous Endocrine Diseases,Addison,Cushing,Graves,Hashimoto,Named endocrine disorders.,___ Crisis,Thyroid,Addisonian,Hypercalcemic,Pheochromocytoma,Endocrine emergencies called crises.
2026-09-08,Pulmonology,Obstructive Lung Diseases,Asthma,COPD,Bronchiectasis,CF,Diseases with obstructive spirometry patterns.,Types of Pneumothorax,Primary Spontaneous,Secondary,Tension,Iatrogenic,Clinical pneumothorax categories.,___ Embolism,Pulmonary,Amniotic,Fat,Air,Embolism types that affect (or present via) the lungs/circulation.,Breath Sound Descriptors,Wheeze,Rhonchi,Crackles,Stridor,Adventitious lung sounds.
2026-09-09,Gastroenterology,Causes of Pancreatitis,Gallstones,Alcohol,Triglycerides,ERCP,Common pancreatitis triggers.,Upper GI Bleed Sources,Peptic Ulcer,Varices,Mallory-Weiss,Dieulafoy,Classic UGI bleeding lesions.,Inflammatory Bowel Disease Features,Skip Lesions,Transmural,Crypt Abscesses,Cobblestoning,Path findings associated with Crohn/UC teaching contrasts.,___ Sign (Abdomen),Murphy,McBurney,Cullen,Grey Turner,Abdominal exam eponyms.
2026-09-10,Nephrology,Causes of High Anion Gap Acidosis,Lactate,Ketoacids,Toxins,Uremia,Major gap acidosis contributors.,Diuretic Classes,Loop,Thiazide,Carbonic Anhydrase Inhibitor,Osmotic,Diuretics by mechanism/site.,Nephritic Syndrome Features,Hematuria,Oliguria,Hypertension,RBC Casts,Hallmarks of acute nephritic presentation.,Things Measured in mEq/L,Sodium,Potassium,Chloride,Bicarbonate,Electrolytes commonly reported in mEq/L.
2026-09-11,Hematology,Coagulation Pathways,Intrinsic,Extrinsic,Common,Fibrinolysis,Classic cascade teaching arms.,Microcytic Anemias,Iron Deficiency,Thalassemia,Anemia of Chronic Disease,Sideroblastic,Common microcytic anemia causes.,Leukemia Categories,ALL,AML,CLL,CML,The four classic leukemias.,___ Cell,Reed-Sternberg,Plasma,Sickle,Target,Named cell morphologies on smear/path.
2026-09-12,Infectious Diseases,Gram-Positive Cocci,Staphylococcus,Streptococcus,Enterococcus,Peptostreptococcus,Gram-positive coccal genera.,Tick-Borne Infections,Lyme,Anaplasmosis,Babesiosis,RMSF,North American tick-transmitted diseases.,Acid-Fast Organisms,M. tuberculosis,M. leprae,Nocardia,Cryptosporidium,Organisms that stain acid-fast (modified for some).,___ Fever,Rheumatic,Yellow,Q,Scarlet,Named febrile illnesses.
2026-09-13,Antimicrobials,Cell Wall Active Antibiotics,Penicillin G,Vancomycin,Ceftriaxone,Aztreonam,Agents that disrupt bacterial cell wall synthesis.,Protein Synthesis Inhibitors,Azithromycin,Doxycycline,Gentamicin,Linezolid,Ribosome-targeting antibiotics from different classes.,Antifungal Drug Classes,Amphotericin B,Fluconazole,Caspofungin,Terbinafine,"Polyene, azole, echinocandin, and allylamine examples.",Antivirals by Target,Acyclovir,Oseltamivir,Remdesivir,Zidovudine,"Agents used against herpesviruses, influenza, RNA viruses, and HIV."
2026-09-14,Critical Care,Vasopressors,Norepinephrine,Epinephrine,Vasopressin,Phenylephrine,Common pressors used in shock.,Pulseless Arrest Rhythms,VF,pVT,Asystole,PEA,Rhythms in adult cardiac arrest algorithms.,Early Sepsis Actions,Blood Cultures,Lactate,Broad Antibiotics,IV Fluids,Core early sepsis interventions.,Pressures Tracked in the ICU,MAP,CVP,ICP,CPP,"MAP, central venous, intracranial, and cerebral perfusion pressures."
2026-09-15,Pregnancy,Pregnancy Hormones,hCG,hPL,Progesterone,Estriol,Key gestational hormones.,Hypertensive Disorders of Pregnancy,Gestational HTN,Preeclampsia,Eclampsia,HELLP,Spectrum of pregnancy-related hypertension.,Fetal Circulatory Shunts,Ductus Arteriosus,Foramen Ovale,Ductus Venosus,Umbilical Vein,Major fetal blood-flow pathways.,___ Pregnancy,Ectopic,Molar,Heterotopic,Chemical,Special pregnancy classifications.
2026-09-16,Cardiac Electrophysiology,AV Nodal Rate-Control Agents,Metoprolol,Diltiazem,Digoxin,Esmolol,Agents used to slow ventricular response in AF.,Vaughan Williams Class Examples,Flecainide,Propranolol,Amiodarone,Verapamil,Representatives of antiarrhythmic classes I-IV.,Action Potential Phases,Phase 0,Phase 1,Phase 2,Phase 3,Ventricular myocyte action-potential phases.,Ways to Record the QRS,12-Lead ECG,Telemetry,Holter,Event Monitor,Modalities that capture ventricular depolarization.
2026-09-17,Head and Neck Anatomy,Muscles of Mastication,Masseter,Temporalis,Medial Pterygoid,Lateral Pterygoid,Muscles that move the mandible.,Paranasal Sinuses,Maxillary,Frontal,Ethmoid,Sphenoid,The four paired paranasal sinuses.,Salivary Glands,Parotid,Submandibular,Sublingual,Von Ebner,Named salivary glands.,Carotid Sheath Region,Common Carotid,Internal Jugular,Vagus,Ansa Cervicalis,Structures in or near the carotid sheath.
2026-09-18,Cranial Nerves,Trigeminal Divisions,Ophthalmic,Maxillary,Mandibular,Semilunar Ganglion,V1-V3 and the trigeminal (semilunar) ganglion.,Purely Motor Cranial Nerves,Trochlear,Abducens,Accessory,Hypoglossal,"CN IV, VI, XI, and XII.",Parasympathetic Cranial Nerves,Oculomotor,Facial,Glossopharyngeal,Vagus,"CN III, VII, IX, and X carry parasympathetic fibers.",Skull Base Exit Sites,Cribriform Plate,Optic Canal,Internal Acoustic Meatus,Jugular Foramen,"Exits for CN I, II, VII/VIII, and IX-XI."
2026-09-19,Dermatology,Raised Primary Lesions,Papule,Plaque,Nodule,Wheal,Elevated primary lesion morphologies.,Epidermal Strata,Corneum,Lucidum,Granulosum,Spinosum,Named layers of the epidermis.,Blistering Diseases,Pemphigus Vulgaris,Bullous Pemphigoid,Dermatitis Herpetiformis,SJS,Important bullous dermatoses.,Named Skin Phenomena,Koebner,Auspitz,Nikolsky,Darier,Classic dermatologic signs/phenomena.
2026-09-20,Ophthalmology,Refractive Errors,Myopia,Hyperopia,Astigmatism,Presbyopia,Common disorders of ocular focusing.,Extraocular Muscles,Medial Rectus,Lateral Rectus,Superior Oblique,Inferior Oblique,Four of the six extraocular muscles.,Causes of Acute Red Eye,Conjunctivitis,Anterior Uveitis,Angle-Closure Glaucoma,Corneal Abrasion,Important red-eye differentials.,Pupil Exam Findings,Miosis,Mydriasis,Anisocoria,RAPD,Terms from pupillary examination.
2026-09-21,Psychiatry,Positive Psychotic Symptoms,Hallucinations,Delusions,Disorganized Speech,Disorganized Behavior,Core positive psychotic features.,Mood Stabilizers,Lithium,Valproate,Lamotrigine,Carbamazepine,Agents used for bipolar spectrum illness.,Extrapyramidal Effects,Acute Dystonia,Akathisia,Parkinsonism,Tardive Dyskinesia,EPS from dopamine D2 blockade.,___ Disorder,Bipolar,Panic,Body Dysmorphic,Conversion,"Psychiatric diagnoses commonly ending in ""disorder."""
2026-09-22,Pediatrics,Cyanotic Congenital Heart Disease,Tetralogy of Fallot,TGA,Truncus Arteriosus,Tricuspid Atresia,Classic cyanotic CHD lesions.,Developmental Domains,Gross Motor,Fine Motor,Language,Social-Emotional,Domains used when tracking milestones.,Classic Childhood Exanthems,Measles,Roseola,Fifth Disease,Scarlet Fever,Named pediatric viral/bacterial rashes.,Pediatric Small Round Blue Cell Tumors,Neuroblastoma,Wilms Tumor,Ewing Sarcoma,Medulloblastoma,Tumors in the pediatric SRBCT differential.
2026-09-23,Trauma and Emergency,ATLS Primary Survey,Airway,Breathing,Circulation,Disability,First four steps of ABCDE.,GCS Components,Eye Opening,Verbal Response,Motor Response,Best Score,Domains of the Glasgow Coma Scale.,Classes of Hemorrhagic Shock,Class I,Class II,Class III,Class IV,ATLS hemorrhage severity classes.,Disaster Triage Tags,Red,Yellow,Green,Black,Standard disaster triage colors.
2026-09-24,Rheumatology and Immunology,Hypersensitivity Prototypes,Anaphylaxis,Goodpasture,Serum Sickness,PPD Reaction,Classic examples of Types I-IV hypersensitivity.,Connective Tissue Diseases,Rheumatoid Arthritis,SLE,Sjogren,Systemic Sclerosis,Major autoimmune CTDs.,Crystal Arthropathies,Gout,CPPD,Hydroxyapatite,Calcium Oxalate,Crystal-induced joint diseases.,Biologic / Small-Molecule Targets,TNF-alpha,IL-6,CD20,JAK,Molecular targets in modern rheumatology therapy.
2026-09-25,Vitamins and Nutrition,Fat-Soluble Vitamins,Retinol,Cholecalciferol,Tocopherol,Phylloquinone,"Vitamins A, D, E, and K.",B-Vitamin Deficiency States,Beriberi,Pellagra,Wernicke Encephalopathy,Pernicious Anemia,"Syndromes of B1, B3, and B12 deficiency.",Essential Trace Elements,Zinc,Copper,Selenium,Chromium,Trace minerals required in human nutrition.,Nutrition-Related Labs,Prealbumin,Transferrin,25-OH Vitamin D,RBC Folate,Labs used when assessing nutritional status.
2026-09-26,Medical Genetics,Inheritance Patterns,Autosomal Dominant,Autosomal Recessive,X-Linked,Mitochondrial,Classic modes of inheritance.,Trinucleotide Repeat Disorders,Huntington,Fragile X,Myotonic Dystrophy,Friedreich Ataxia,Diseases from expanding nucleotide repeats.,Aneuploidy Syndromes,Down,Edwards,Patau,Turner,Trisomy 21/18/13 and monosomy X.,Connective Tissue Genetic Syndromes,Marfan,Ehlers-Danlos,Osteogenesis Imperfecta,Loeys-Dietz,Inherited disorders of connective tissue.
2026-09-27,Urology,Male Urethral Segments,Prostatic,Membranous,Bulbar,Penile,Anatomic segments of the male urethra.,Incontinence Types,Stress,Urge,Overflow,Functional,Major categories of urinary incontinence.,Kidney Stone Compositions,Calcium Oxalate,Struvite,Uric Acid,Cystine,Common stone types.,Acute Scrotum Causes,Spermatic Cord Torsion,Epididymitis,Torsion of Appendix Testis,Orchitis,Key diagnoses in the acute scrotum.
2026-09-28,Acid-Base,Primary Acid-Base Disorders,Metabolic Acidosis,Metabolic Alkalosis,Respiratory Acidosis,Respiratory Alkalosis,The four primary acid-base disturbances.,Causes of Metabolic Alkalosis,Vomiting,Loop Diuretics,Hyperaldosteronism,Milk-Alkali Syndrome,Classic generators of metabolic alkalosis.,ABG Values,pH,PaCO2,PaO2,HCO3,Core arterial blood gas parameters.,Physiologic Compensations,Hyperventilation,Hypoventilation,Increased Renal H+ Excretion,HCO3 Retention,Respiratory and renal compensations.
2026-09-29,Toxicology,Classic Antidotes,Naloxone,N-Acetylcysteine,Fomepizole,Flumazenil,"Antidotes for opioids, acetaminophen, toxic alcohols, and benzodiazepines.",Toxidromes,Anticholinergic,Cholinergic,Sympathomimetic,Sedative-Hypnotic,Major clinical toxidrome patterns.,Heavy Metal Poisonings,Lead,Mercury,Arsenic,Iron,Classic toxic metals.,Chelating Agents,Deferoxamine,CaNa2-EDTA,Dimercaprol,Succimer,Chelators used for metal toxicity.
2026-09-30,Virology,Herpesviruses,HSV-1,VZV,EBV,CMV,Major human herpesviruses.,Hepatitis Viruses,HAV,HBV,HCV,HEV,Common hepatotropic viruses.,Respiratory Viruses,Influenza A,RSV,Rhinovirus,Human Metapneumovirus,Common viral respiratory pathogens.,Human Retroviruses,HIV-1,HIV-2,HTLV-1,HTLV-2,Retroviruses that infect humans.
2026-10-01,Surgery,Eponymous Operations,Whipple,Billroth I,Hartmann,Nissen,Named general and GI surgical procedures.,Wound Healing Phases,Hemostasis,Inflammation,Proliferation,Remodeling,Sequential phases of wound healing.,SSI Risk Factors,Diabetes,Obesity,Smoking,Immunosuppression,Patient factors that raise surgical site infection risk.,Named Surgical Triangles,Calot,Femoral,Hasselbach,Scarpa,Anatomic triangles used in surgical landmarks.
2026-10-02,Radiology,Density Descriptors on X-Ray,Radiopaque,Radiolucent,Soft Tissue,Air,Basic radiographic density language.,Chest Radiograph Views,PA,AP,Lateral,Lateral Decubitus,Common chest x-ray projections.,Contrast Reaction Severity,Urticaria,Bronchospasm,Hypotension,Cardiopulmonary Arrest,Spectrum of iodinated contrast reactions.,MRI Sequence Nicknames,T1,T2,FLAIR,DWI,Common MRI sequence acronyms.
2026-10-03,Cardiology Pharmacology,Drugs That Prolong QT,Sotalol,Amiodarone,Quinidine,Dofetilide,Antiarrhythmics with notable QT prolongation.,Afterload Reducers in Heart Failure,Lisinopril,Losartan,Sacubitril-Valsartan,Hydralazine,Agents that reduce afterload / modulate RAAS in HF.,Antiplatelet Agents,Aspirin,Clopidogrel,Ticagrelor,Prasugrel,Common dual-antiplatelet therapy options.,Things You Titrate to Effect,Nitroprusside,Dobutamine,Nicardipine,Norepinephrine,IV cardioactive drips commonly titrated to clinical targets.
2026-10-04,Nephrology Pathology,Nephritic Features,Hematuria,RBC Casts,Hypertension,Oliguria,Hallmarks of nephritic presentations.,Nephrotic Features,Heavy Proteinuria,Hypoalbuminemia,Edema,Hyperlipidemia,Classic nephrotic syndrome tetrad.,Glomerular Filtration Barrier,Fenestrated Endothelium,GBM,Podocyte Foot Processes,Slit Diaphragm,Layers of the glomerular filter.,Renal Tubular Acidosis Types,Type 1 (Distal),Type 2 (Proximal),Type 4,Voltage-Dependent,Recognized RTA classifications.
2026-10-05,Endocrine Pharmacology,Insulins by Kinetics,Lispro,Regular,NPH,Glargine,"Rapid, short, intermediate, and long-acting insulins.",Thyroid Medications,Levothyroxine,Liothyronine,Methimazole,Propylthiouracil,Replacement and antithyroid drugs.,Drugs Causing Gynecomastia,Spironolactone,Ketoconazole,Cimetidine,Digoxin,Medications classically linked to gynecomastia.,Causes of Drug-Induced Lupus,Hydralazine,Procainamide,Isoniazid,Minocycline,Classic culprits of drug-induced lupus.
2026-10-06,Pulmonary Critical Care,ARDS Diagnostic Elements,Acute Onset,Bilateral Opacities,Not Fully Explained by Heart Failure,Hypoxemia,Berlin definition themes for ARDS.,Ventilator Modes,AC/VC,PSV,SIMV,CPAP,Common mechanical ventilation modes.,Causes of Hypoxemic Respiratory Failure,V/Q Mismatch,Shunt,Diffusion Limitation,Low Inspired O2,Physiologic mechanisms of hypoxemia.,Oxygen Delivery Devices,Nasal Cannula,Simple Mask,Non-Rebreather,High-Flow Nasal Cannula,Devices used to deliver supplemental oxygen.
2026-10-07,Hematology Oncology,Plasma Cell Disorders,Multiple Myeloma,Waldenstrom,MGUS,Amyloidosis AL,Disorders of clonal plasma cells / related proteins.,Transfusion Reactions,Acute Hemolytic,Febrile Non-Hemolytic,TRALI,TACO,Important acute transfusion complications.,Coagulation Factor Deficiencies,Factor VIII,Factor IX,Factor XI,Factor VII,Factors linked to hemophilia A/B/C and rare VII deficiency.,Peripheral Smear Findings,Schistocytes,Sickle Cells,Target Cells,Howell-Jolly Bodies,Classic RBC morphologies on smear.
2026-10-08,Obstetric Emergencies,Causes of Postpartum Hemorrhage,Tone,Trauma,Tissue,Thrombin,"The ""4 T's"" of PPH.",Uterotonic Agents,Oxytocin,Methylergonovine,Carboprost,Misoprostol,Medications used to contract the uterus.,Shoulder Dystocia Maneuvers,McRoberts,Suprapubic Pressure,Rubin,Woods Screw,Maneuvers for shoulder dystocia.,Placental Problems,Previa,Abruption,Accreta,Vasa Previa,Major placental pathologies.
2026-10-09,Neurology Vascular,Stroke Circulation Syndromes,ACA,MCA,PCA,Vertebrobasilar,Arterial territories of ischemic stroke.,ICH Score Elements,GCS,ICH Volume,IVH,Infratentorial Origin,Components contributing to ICH score (age omitted).,tPA Contraindications (Selected),Recent Stroke,Active Bleeding,Severe Hypertension,Abnormal Glucose Extremes,Selected exclusions for thrombolysis decisions.,Lacunar Stroke Syndromes,Pure Motor Hemiparesis,Pure Sensory Stroke,Ataxic Hemiparesis,Dysarthria-Clumsy Hand,Classic lacunar syndromes.
2026-10-10,Microbiology Bacteria,Spore-Forming Bacteria,C. difficile,C. perfringens,C. tetani,B. anthracis,Clinically important spore formers.,Intracellular Pathogens,Chlamydia,Rickettsia,Listeria,Legionella,Bacteria with important intracellular lifestyles.,Spirochetes,Treponema,Borrelia,Leptospira,Brachyspira,Spirochetal genera of medical importance.,Obligate Anaerobes,Bacteroides,Clostridium,Fusobacterium,Peptostreptococcus,Anaerobic bacteria commonly encountered clinically.
2026-10-11,GI Anatomy and Physiology,Gut Wall Layers,Mucosa,Submucosa,Muscularis Externa,Serosa,Histologic layers of the GI tract.,Foregut Derivatives,Stomach,Liver,Pancreas,Proximal Duodenum,Organs derived from embryonic foregut.,Bilirubin Pathway Terms,Unconjugated,Conjugated,Urobilinogen,Stercobilin,Key bilirubin metabolism intermediates/products.,Sphincters of the Gut,LES,Pylorus,Sphincter of Oddi,Ileocecal Valve,Major GI sphincters/valves.
2026-10-12,Orthopedic Anatomy,Bones of the Acetabulum,Ilium,Ischium,Pubis,Triradiate Cartilage,Contributors to the hip socket.,Knee Ligaments,ACL,PCL,MCL,LCL,The four major knee ligaments.,Compartments of the Leg,Anterior,Lateral,Superficial Posterior,Deep Posterior,Fascial compartments of the lower leg.,Ottawa Ankle Rule Bones,Medial Malleolus,Lateral Malleolus,Navicular,Base of 5th Metatarsal,Bony landmarks in Ottawa ankle/foot rules.
2026-10-13,Immunology Labs,Antibody Isotypes,IgG,IgA,IgM,IgE,Major immunoglobulin classes.,Complement Pathways,Classical,Alternative,Lectin,Terminal,Activation routes of complement.,Hypersensitivity Type Names,Immediate,Cytotoxic,Immune Complex,Delayed,Gell and Coombs types by mechanism name.,Autoantibodies,Anti-dsDNA,Anti-Smith,Anti-CCP,Anti-TPO,Disease-associated autoantibodies.
2026-10-14,Anesthesiology,IV Induction Agents,Propofol,Etomidate,Ketamine,Thiopental,Common intravenous induction drugs.,Neuromuscular Blockers,Succinylcholine,Rocuronium,Vecuronium,Cisatracurium,Depolarizing and nondepolarizing paralytics.,Airway Assessment Findings,Mallampati III,Limited Neck Extension,Thyromental Distance Short,Beard,Features associated with difficult airway.,ASA Physical Status,ASA I,ASA II,ASA III,ASA IV,Preoperative physical status classifications.
2026-10-15,Endocrinology Pathology,Adrenal Layers,Glomerulosa,Fasciculata,Reticularis,Medulla,Zones of the adrenal cortex plus the medulla.,MEN Syndromes Associations,Medullary Thyroid Cancer,Pheochromocytoma,Hyperparathyroidism,Mucosal Neuromas,Findings spanning MEN1/2 teaching sets.,Causes of SIADH,Small Cell Lung Cancer,CNS Disease,Pneumonia,SSRIs,Classic SIADH precipitants.,Diabetes Insipidus Types,Central,Nephrogenic,Primary Polydipsia,Gestational,Approaches to polyuria/polydipsia differential related to DI.
2026-10-16,Infectious Disease Syndromes,AIDS-Defining Illnesses,Pneumocystis Pneumonia,Kaposi Sarcoma,CNS Toxoplasmosis,Cryptococcal Meningitis,Classic AIDS-defining opportunistic conditions.,Culture-Negative Endocarditis Causes,Coxiella,Bartonella,HACEK Organisms,Prior Antibiotics,Reasons/organisms linked to culture-negative endocarditis.,Neutropenic Fever Workup Targets,Pseudomonas,Candida,Aspergillus,HSV,Pathogens considered in febrile neutropenia.,___ Fever,Typhoid,Relapsing,Rat-Bite,Familial Mediterranean,Named fever syndromes (infectious and autoinflammatory).
2026-10-17,Pathology Patterns,Granulomatous Diseases,Sarcoidosis,Tuberculosis,Crohn Disease,Histoplasmosis,Conditions classically forming granulomas.,Amyloid Types,AL,AA,ATTR,AB2M,Major amyloid protein categories.,Necrosis Patterns,Coagulative,Liquefactive,Caseous,Fat,Classic histologic necrosis patterns.,Pigments in Tissue,Hemosiderin,Lipofuscin,Melanin,Bilirubin,Endogenous pigments seen pathologically.
2026-10-18,Cardiology Exam Findings,Diastolic Murmurs,Aortic Regurgitation,Mitral Stenosis,Pulmonic Regurgitation,Tricuspid Stenosis,Classic diastolic murmurs.,Systolic Murmurs,Aortic Stenosis,Mitral Regurgitation,HOCM,VSD,Common systolic murmurs.,Extra Heart Sounds,S3,S4,Opening Snap,Ejection Click,Added sounds beyond S1/S2.,Palpation Findings,Thrill,Heave,Tap,Pulsus Paradoxus,Bedside cardiovascular palpation/pulse findings.
2026-10-19,Pharmacology Mechanisms,G-Protein Coupled Receptor Types,Gs,Gi,Gq,Golf,Major heterotrimeric G-protein classes (Golf in olfaction).,Enzyme-Inhibitor Drug Examples,ACE Inhibitor,COX Inhibitor,HMG-CoA Reductase Inhibitor,XO Inhibitor,Drug classes defined by enzyme inhibition.,Cytochrome P450 Inducers,Rifampin,Carbamazepine,Phenytoin,St. John's Wort,Classic CYP inducers.,Zero-Order Elimination Examples,Ethanol,High-Dose Aspirin,High-Dose Theophylline,Omeprazole Saturable,Drugs/contexts classically cited for zero-order or saturable kinetics.
2026-10-20,Hospital Medicine Workflow,SOAP Note Sections,Subjective,Objective,Assessment,Plan,The four parts of a SOAP note.,Admission Order Categories,Diet,Activity,Vitals,Diagnostics,Common admission order groupings.,Code Status Options,Full Code,DNR,DNI,Comfort Measures Only,Goals-of-care / code status designations.,Discharge Disposition Words,Home,SNF,Rehab,Hospice,Common discharge destinations.
